,name,interests,ages_ranges,genders,behavior,scholarities,languages,family_statuses,relationship_statuses,geo_locations,household_composition,all_fields,targeting,response,dau_audience,mau_audience,timestamp,publisher_platforms,mock_response
0,Expats Distribution in Serbia,,"{'min': 13, 'max': 17}",0,"{'or': [6027149004983], 'name': 'Expats (Serbia)'}",,,,,"{'name': 'countries', 'values': ['AE']}",,"(('ages_ranges', {'min': 13, 'max': 17}), ('genders', 0), ('behavior', {'or': [6027149004983], 'name': 'Expats (Serbia)'}), ('geo_locations', {'name': 'countries', 'values': ['AE']}))","{'geo_locations': {'countries': ['AE'], 'location_types': ['home']}, 'age_min': 13, 'age_max': 17, 'genders': [0], 'flexible_spec': [{'behaviors': [{'id': 6027149004983}]}], 'publisher_platforms': ['facebook']}","b'{""data"":[{""daily_outcomes_curve"":[{""spend"":0,""reach"":0,""impressions"":0,""actions"":0}],""estimate_dau"":0,""estimate_mau"":1000,""estimate_ready"":true}]}'",0,1000,1601829871,"[""facebook""]",FALSE
1,Expats Distribution in Serbia,,"{'min': 13, 'max': 17}",0,"{'or': [6027149004983], 'name': 'Expats (Serbia)'}",,,,,"{'name': 'countries', 'values': ['AF']}",,"(('ages_ranges', {'min': 13, 'max': 17}), ('genders', 0), ('behavior', {'or': [6027149004983], 'name': 'Expats (Serbia)'}), ('geo_locations', {'name': 'countries', 'values': ['AF']}))","{'geo_locations': {'countries': ['AF'], 'location_types': ['home']}, 'age_min': 13, 'age_max': 17, 'genders': [0], 'flexible_spec': [{'behaviors': [{'id': 6027149004983}]}], 'publisher_platforms': ['facebook']}","b'{""data"":[{""daily_outcomes_curve"":[{""spend"":0,""reach"":0,""impressions"":0,""actions"":0}],""estimate_dau"":0,""estimate_mau"":1000,""estimate_ready"":true}]}'",0,1000,1601829871,"[""facebook""]",FALSE
2,Expats Distribution in Serbia,,"{'min': 13, 'max': 17}",0,"{'or': [6027149004983], 'name': 'Expats (Serbia)'}",,,,,"{'name': 'countries', 'values': ['AL']}",,"(('ages_ranges', {'min': 13, 'max': 17}), ('genders', 0), ('behavior', {'or': [6027149004983], 'name': 'Expats (Serbia)'}), ('geo_locations', {'name': 'countries', 'values': ['AL']}))","{'geo_locations': {'countries': ['AL'], 'location_types': ['home']}, 'age_min': 13, 'age_max': 17, 'genders': [0], 'flexible_spec': [{'behaviors': [{'id': 6027149004983}]}], 'publisher_platforms': ['facebook']}","b'{""data"":[{""daily_outcomes_curve"":[{""spend"":0,""reach"":0,""impressions"":0,""actions"":0}],""estimate_dau"":0,""estimate_mau"":1000,""estimate_ready"":true}]}'",0,1000,1601829871,"[""facebook""]",FALSE
3,Expats Distribution in Serbia,,"{'min': 13, 'max': 17}",0,"{'or': [6027149004983], 'name': 'Expats (Serbia)'}",,,,,"{'name': 'countries', 'values': ['AR']}",,"(('ages_ranges', {'min': 13, 'max': 17}), ('genders', 0), ('behavior', {'or': [6027149004983], 'name': 'Expats (Serbia)'}), ('geo_locations', {'name': 'countries', 'values': ['AR']}))","{'geo_locations': {'countries': ['AR'], 'location_types': ['home']}, 'age_min': 13, 'age_max': 17, 'genders': [0], 'flexible_spec': [{'behaviors': [{'id': 6027149004983}]}], 'publisher_platforms': ['facebook']}","b'{""data"":[{""daily_outcomes_curve"":[{""spend"":0,""reach"":0,""impressions"":0,""actions"":0}],""estimate_dau"":0,""estimate_mau"":1000,""estimate_ready"":true}]}'",0,1000,1601829871,"[""facebook""]",FALSE
4,Expats Distribution in Serbia,,"{'min': 13, 'max': 17}",0,"{'or': [6027149004983], 'name': 'Expats (Serbia)'}",,,,,"{'name': 'countries', 'values': ['AT']}",,"(('ages_ranges', {'min': 13, 'max': 17}), ('genders', 0), ('behavior', {'or': [6027149004983], 'name': 'Expats (Serbia)'}), ('geo_locations', {'name': 'countries', 'values': ['AT']}))","{'geo_locations': {'countries': ['AT'], 'location_types': ['home']}, 'age_min': 13, 'age_max': 17, 'genders': [0], 'flexible_spec': [{'behaviors': [{'id': 6027149004983}]}], 'publisher_platforms': ['facebook']}","b'{""data"":[{""daily_outcomes_curve"":[{""spend"":0,""reach"":0,""impressions"":0,""actions"":0}],""estimate_dau"":996,""estimate_mau"":1000,""estimate_ready"":true}]}'",1175,1000,1601829871,"[""facebook""]",FALSE
5,Expats Distribution in Serbia,,"{'min': 13, 'max': 17}",0,"{'or': [6027149004983], 'name': 'Expats (Serbia)'}",,,,,"{'name': 'countries', 'values': ['AU']}",,"(('ages_ranges', {'min': 13, 'max': 17}), ('genders', 0), ('behavior', {'or': [6027149004983], 'name': 'Expats (Serbia)'}), ('geo_locations', {'name': 'countries', 'values': ['AU']}))","{'geo_locations': {'countries': ['AU'], 'location_types': ['home']}, 'age_min': 13, 'age_max': 17, 'genders': [0], 'flexible_spec': [{'behaviors': [{'id': 6027149004983}]}], 'publisher_platforms': ['facebook']}","b'{""data"":[{""daily_outcomes_curve"":[{""spend"":0,""reach"":0,""impressions"":0,""actions"":0}],""estimate_dau"":0,""estimate_mau"":1000,""estimate_ready"":true}]}'",0,1000,1601829871,"[""facebook""]",FALSE
6,Expats Distribution in Serbia,,"{'min': 13, 'max': 17}",0,"{'or': [6027149004983], 'name': 'Expats (Serbia)'}",,,,,"{'name': 'countries', 'values': ['BA']}",,"(('ages_ranges', {'min': 13, 'max': 17}), ('genders', 0), ('behavior', {'or': [6027149004983], 'name': 'Expats (Serbia)'}), ('geo_locations', {'name': 'countries', 'values': ['BA']}))","{'geo_locations': {'countries': ['BA'], 'location_types': ['home']}, 'age_min': 13, 'age_max': 17, 'genders': [0], 'flexible_spec': [{'behaviors': [{'id': 6027149004983}]}], 'publisher_platforms': ['facebook']}","b'{""data"":[{""daily_outcomes_curve"":[{""spend"":0,""reach"":0,""impressions"":0,""actions"":0}],""estimate_dau"":0,""estimate_mau"":1000,""estimate_ready"":true}]}'",0,1000,1601829871,"[""facebook""]",FALSE
7,Expats Distribution in Serbia,,"{'min': 13, 'max': 17}",0,"{'or': [6027149004983], 'name': 'Expats (Serbia)'}",,,,,"{'name': 'countries', 'values': ['BE']}",,"(('ages_ranges', {'min': 13, 'max': 17}), ('genders', 0), ('behavior', {'or': [6027149004983], 'name': 'Expats (Serbia)'}), ('geo_locations', {'name': 'countries', 'values': ['BE']}))","{'geo_locations': {'countries': ['BE'], 'location_types': ['home']}, 'age_min': 13, 'age_max': 17, 'genders': [0], 'flexible_spec': [{'behaviors': [{'id': 6027149004983}]}], 'publisher_platforms': ['facebook']}","b'{""data"":[{""daily_outcomes_curve"":[{""spend"":0,""reach"":0,""impressions"":0,""actions"":0}],""estimate_dau"":0,""estimate_mau"":1000,""estimate_ready"":true}]}'",0,1000,1601829871,"[""facebook""]",FALSE
8,Expats Distribution in Serbia,,"{'min': 13, 'max': 17}",0,"{'or': [6027149004983], 'name': 'Expats (Serbia)'}",,,,,"{'name': 'countries', 'values': ['BG']}",,"(('ages_ranges', {'min': 13, 'max': 17}), ('genders', 0), ('behavior', {'or': [6027149004983], 'name': 'Expats (Serbia)'}), ('geo_locations', {'name': 'countries', 'values': ['BG']}))","{'geo_locations': {'countries': ['BG'], 'location_types': ['home']}, 'age_min': 13, 'age_max': 17, 'genders': [0], 'flexible_spec': [{'behaviors': [{'id': 6027149004983}]}], 'publisher_platforms': ['facebook']}","b'{""data"":[{""daily_outcomes_curve"":[{""spend"":0,""reach"":0,""impressions"":0,""actions"":0}],""estimate_dau"":0,""estimate_mau"":1000,""estimate_ready"":true}]}'",0,1000,1601829871,"[""facebook""]",FALSE
9,Expats Distribution in Serbia,,"{'min': 13, 'max': 17}",0,"{'or': [6027149004983], 'name': 'Expats (Serbia)'}",,,,,"{'name': 'countries', 'values': ['BH']}",,"(('ages_ranges', {'min': 13, 'max': 17}), ('genders', 0), ('behavior', {'or': [6027149004983], 'name': 'Expats (Serbia)'}), ('geo_locations', {'name': 'countries', 'values': ['BH']}))","{'geo_locations': {'countries': ['BH'], 'location_types': ['home']}, 'age_min': 13, 'age_max': 17, 'genders': [0], 'flexible_spec': [{'behaviors': [{'id': 6027149004983}]}], 'publisher_platforms': ['facebook']}","b'{""data"":[{""daily_outcomes_curve"":[{""spend"":0,""reach"":0,""impressions"":0,""actions"":0}],""estimate_dau"":0,""estimate_mau"":1000,""estimate_ready"":true}]}'",0,1000,1601829871,"[""facebook""]",FALSE
10,Expats Distribution in Serbia,,"{'min': 13, 'max': 17}",0,"{'or': [6027149004983], 'name': 'Expats (Serbia)'}",,,,,"{'name': 'countries', 'values': ['BR']}",,"(('ages_ranges', {'min': 13, 'max': 17}), ('genders', 0), ('behavior', {'or': [6027149004983], 'name': 'Expats (Serbia)'}), ('geo_locations', {'name': 'countries', 'values': ['BR']}))","{'geo_locations': {'countries': ['BR'], 'location_types': ['home']}, 'age_min': 13, 'age_max': 17, 'genders': [0], 'flexible_spec': [{'behaviors': [{'id': 6027149004983}]}], 'publisher_platforms': ['facebook']}","b'{""data"":[{""daily_outcomes_curve"":[{""spend"":0,""reach"":0,""impressions"":0,""actions"":0}],""estimate_dau"":989,""estimate_mau"":1000,""estimate_ready"":true}]}'",901,1000,1601829871,"[""facebook""]",FALSE
11,Expats Distribution in Serbia,,"{'min': 13, 'max': 17}",0,"{'or': [6027149004983], 'name': 'Expats (Serbia)'}",,,,,"{'name': 'countries', 'values': ['BY']}",,"(('ages_ranges', {'min': 13, 'max': 17}), ('genders', 0), ('behavior', {'or': [6027149004983], 'name': 'Expats (Serbia)'}), ('geo_locations', {'name': 'countries', 'values': ['BY']}))","{'geo_locations': {'countries': ['BY'], 'location_types': ['home']}, 'age_min': 13, 'age_max': 17, 'genders': [0], 'flexible_spec': [{'behaviors': [{'id': 6027149004983}]}], 'publisher_platforms': ['facebook']}","b'{""data"":[{""daily_outcomes_curve"":[{""spend"":0,""reach"":0,""impressions"":0,""actions"":0}],""estimate_dau"":0,""estimate_mau"":1000,""estimate_ready"":true}]}'",0,1000,1601829871,"[""facebook""]",FALSE
12,Expats Distribution in Serbia,,"{'min': 13, 'max': 17}",0,"{'or': [6027149004983], 'name': 'Expats (Serbia)'}",,,,,"{'name': 'countries', 'values': ['CA']}",,"(('ages_ranges', {'min': 13, 'max': 17}), ('genders', 0), ('behavior', {'or': [6027149004983], 'name': 'Expats (Serbia)'}), ('geo_locations', {'name': 'countries', 'values': ['CA']}))","{'geo_locations': {'countries': ['CA'], 'location_types': ['home']}, 'age_min': 13, 'age_max': 17, 'genders': [0], 'flexible_spec': [{'behaviors': [{'id': 6027149004983}]}], 'publisher_platforms': ['facebook']}","b'{""data"":[{""daily_outcomes_curve"":[{""spend"":0,""reach"":0,""impressions"":0,""actions"":0}],""estimate_dau"":989,""estimate_mau"":1000,""estimate_ready"":true}]}'",944,1000,1601829871,"[""facebook""]",FALSE
13,Expats Distribution in Serbia,,"{'min': 13, 'max': 17}",0,"{'or': [6027149004983], 'name': 'Expats (Serbia)'}",,,,,"{'name': 'countries', 'values': ['CF']}",,"(('ages_ranges', {'min': 13, 'max': 17}), ('genders', 0), ('behavior', {'or': [6027149004983], 'name': 'Expats (Serbia)'}), ('geo_locations', {'name': 'countries', 'values': ['CF']}))","{'geo_locations': {'countries': ['CF'], 'location_types': ['home']}, 'age_min': 13, 'age_max': 17, 'genders': [0], 'flexible_spec': [{'behaviors': [{'id': 6027149004983}]}], 'publisher_platforms': ['facebook']}","b'{""data"":[{""daily_outcomes_curve"":[{""spend"":0,""reach"":0,""impressions"":0,""actions"":0}],""estimate_dau"":0,""estimate_mau"":1000,""estimate_ready"":true}]}'",0,1000,1601829871,"[""facebook""]",FALSE
14,Expats Distribution in Serbia,,"{'min': 13, 'max': 17}",0,"{'or': [6027149004983], 'name': 'Expats (Serbia)'}",,,,,"{'name': 'countries', 'values': ['CG']}",,"(('ages_ranges', {'min': 13, 'max': 17}), ('genders', 0), ('behavior', {'or': [6027149004983], 'name': 'Expats (Serbia)'}), ('geo_locations', {'name': 'countries', 'values': ['CG']}))","{'geo_locations': {'countries': ['CG'], 'location_types': ['home']}, 'age_min': 13, 'age_max': 17, 'genders': [0], 'flexible_spec': [{'behaviors': [{'id': 6027149004983}]}], 'publisher_platforms': ['facebook']}","b'{""data"":[{""daily_outcomes_curve"":[{""spend"":0,""reach"":0,""impressions"":0,""actions"":0}],""estimate_dau"":0,""estimate_mau"":1000,""estimate_ready"":true}]}'",0,1000,1601829871,"[""facebook""]",FALSE
15,Expats Distribution in Serbia,,"{'min': 13, 'max': 17}",0,"{'or': [6027149004983], 'name': 'Expats (Serbia)'}",,,,,"{'name': 'countries', 'values': ['CH']}",,"(('ages_ranges', {'min': 13, 'max': 17}), ('genders', 0), ('behavior', {'or': [6027149004983], 'name': 'Expats (Serbia)'}), ('geo_locations', {'name': 'countries', 'values': ['CH']}))","{'geo_locations': {'countries': ['CH'], 'location_types': ['home']}, 'age_min': 13, 'age_max': 17, 'genders': [0], 'flexible_spec': [{'behaviors': [{'id': 6027149004983}]}], 'publisher_platforms': ['facebook']}","b'{""data"":[{""daily_outcomes_curve"":[{""spend"":0,""reach"":0,""impressions"":0,""actions"":0}],""estimate_dau"":497,""estimate_mau"":1000,""estimate_ready"":true}]}'",458,1000,1601829871,"[""facebook""]",FALSE
16,Expats Distribution in Serbia,,"{'min': 13, 'max': 17}",0,"{'or': [6027149004983], 'name': 'Expats (Serbia)'}",,,,,"{'name': 'countries', 'values': ['CL']}",,"(('ages_ranges', {'min': 13, 'max': 17}), ('genders', 0), ('behavior', {'or': [6027149004983], 'name': 'Expats (Serbia)'}), ('geo_locations', {'name': 'countries', 'values': ['CL']}))","{'geo_locations': {'countries': ['CL'], 'location_types': ['home']}, 'age_min': 13, 'age_max': 17, 'genders': [0], 'flexible_spec': [{'behaviors': [{'id': 6027149004983}]}], 'publisher_platforms': ['facebook']}","b'{""data"":[{""daily_outcomes_curve"":[{""spend"":0,""reach"":0,""impressions"":0,""actions"":0}],""estimate_dau"":0,""estimate_mau"":1000,""estimate_ready"":true}]}'",0,1000,1601829871,"[""facebook""]",FALSE
17,Expats Distribution in Serbia,,"{'min': 13, 'max': 17}",0,"{'or': [6027149004983], 'name': 'Expats (Serbia)'}",,,,,"{'name': 'countries', 'values': ['CN']}",,"(('ages_ranges', {'min': 13, 'max': 17}), ('genders', 0), ('behavior', {'or': [6027149004983], 'name': 'Expats (Serbia)'}), ('geo_locations', {'name': 'countries', 'values': ['CN']}))","{'geo_locations': {'countries': ['CN'], 'location_types': ['home']}, 'age_min': 13, 'age_max': 17, 'genders': [0], 'flexible_spec': [{'behaviors': [{'id': 6027149004983}]}], 'publisher_platforms': ['facebook']}","b'{""data"":[{""daily_outcomes_curve"":[{""spend"":0,""reach"":0,""impressions"":0,""actions"":0}],""estimate_dau"":0,""estimate_mau"":1000,""estimate_ready"":true}]}'",0,1000,1601829871,"[""facebook""]",FALSE
18,Expats Distribution in Serbia,,"{'min': 13, 'max': 17}",0,"{'or': [6027149004983], 'name': 'Expats (Serbia)'}",,,,,"{'name': 'countries', 'values': ['CO']}",,"(('ages_ranges', {'min': 13, 'max': 17}), ('genders', 0), ('behavior', {'or': [6027149004983], 'name': 'Expats (Serbia)'}), ('geo_locations', {'name': 'countries', 'values': ['CO']}))","{'geo_locations': {'countries': ['CO'], 'location_types': ['home']}, 'age_min': 13, 'age_max': 17, 'genders': [0], 'flexible_spec': [{'behaviors': [{'id': 6027149004983}]}], 'publisher_platforms': ['facebook']}","b'{""data"":[{""daily_outcomes_curve"":[{""spend"":0,""reach"":0,""impressions"":0,""actions"":0}],""estimate_dau"":0,""estimate_mau"":1000,""estimate_ready"":true}]}'",0,1000,1601829871,"[""facebook""]",FALSE
19,Expats Distribution in Serbia,,"{'min': 13, 'max': 17}",0,"{'or': [6027149004983], 'name': 'Expats (Serbia)'}",,,,,"{'name': 'countries', 'values': ['CY']}",,"(('ages_ranges', {'min': 13, 'max': 17}), ('genders', 0), ('behavior', {'or': [6027149004983], 'name': 'Expats (Serbia)'}), ('geo_locations', {'name': 'countries', 'values': ['CY']}))","{'geo_locations': {'countries': ['CY'], 'location_types': ['home']}, 'age_min': 13, 'age_max': 17, 'genders': [0], 'flexible_spec': [{'behaviors': [{'id': 6027149004983}]}], 'publisher_platforms': ['facebook']}","b'{""data"":[{""daily_outcomes_curve"":[{""spend"":0,""reach"":0,""impressions"":0,""actions"":0}],""estimate_dau"":0,""estimate_mau"":1000,""estimate_ready"":true}]}'",0,1000,1601829871,"[""facebook""]",FALSE
21,Expats Distribution in Serbia,,"{'min': 13, 'max': 17}",0,"{'or': [6027149004983], 'name': 'Expats (Serbia)'}",,,,,"{'name': 'countries', 'values': ['CZ']}",,"(('ages_ranges', {'min': 13, 'max': 17}), ('genders', 0), ('behavior', {'or': [6027149004983], 'name': 'Expats (Serbia)'}), ('geo_locations', {'name': 'countries', 'values': ['CZ']}))","{'geo_locations': {'countries': ['CZ'], 'location_types': ['home']}, 'age_min': 13, 'age_max': 17, 'genders': [0], 'flexible_spec': [{'behaviors': [{'id': 6027149004983}]}], 'publisher_platforms': ['facebook']}","b'{""data"":[{""daily_outcomes_curve"":[{""spend"":0,""reach"":0,""impressions"":0,""actions"":0}],""estimate_dau"":0,""estimate_mau"":1000,""estimate_ready"":true}]}'",0,1000,1601829871,"[""facebook""]",FALSE
22,Expats Distribution in Serbia,,"{'min': 13, 'max': 17}",0,"{'or': [6027149004983], 'name': 'Expats (Serbia)'}",,,,,"{'name': 'countries', 'values': ['DE']}",,"(('ages_ranges', {'min': 13, 'max': 17}), ('genders', 0), ('behavior', {'or': [6027149004983], 'name': 'Expats (Serbia)'}), ('geo_locations', {'name': 'countries', 'values': ['DE']}))","{'geo_locations': {'countries': ['DE'], 'location_types': ['home']}, 'age_min': 13, 'age_max': 17, 'genders': [0], 'flexible_spec': [{'behaviors': [{'id': 6027149004983}]}], 'publisher_platforms': ['facebook']}","b'{""data"":[{""daily_outcomes_curve"":[{""spend"":0,""reach"":0,""impressions"":0,""actions"":0}],""estimate_dau"":664,""estimate_mau"":1000,""estimate_ready"":true}]}'",715,1000,1601829871,"[""facebook""]",FALSE
23,Expats Distribution in Serbia,,"{'min': 13, 'max': 17}",0,"{'or': [6027149004983], 'name': 'Expats (Serbia)'}",,,,,"{'name': 'countries', 'values': ['DK']}",,"(('ages_ranges', {'min': 13, 'max': 17}), ('genders', 0), ('behavior', {'or': [6027149004983], 'name': 'Expats (Serbia)'}), ('geo_locations', {'name': 'countries', 'values': ['DK']}))","{'geo_locations': {'countries': ['DK'], 'location_types': ['home']}, 'age_min': 13, 'age_max': 17, 'genders': [0], 'flexible_spec': [{'behaviors': [{'id': 6027149004983}]}], 'publisher_platforms': ['facebook']}","b'{""data"":[{""daily_outcomes_curve"":[{""spend"":0,""reach"":0,""impressions"":0,""actions"":0}],""estimate_dau"":0,""estimate_mau"":1000,""estimate_ready"":true}]}'",0,1000,1601829871,"[""facebook""]",FALSE
24,Expats Distribution in Serbia,,"{'min': 13, 'max': 17}",0,"{'or': [6027149004983], 'name': 'Expats (Serbia)'}",,,,,"{'name': 'countries', 'values': ['DZ']}",,"(('ages_ranges', {'min': 13, 'max': 17}), ('genders', 0), ('behavior', {'or': [6027149004983], 'name': 'Expats (Serbia)'}), ('geo_locations', {'name': 'countries', 'values': ['DZ']}))","{'geo_locations': {'countries': ['DZ'], 'location_types': ['home']}, 'age_min': 13, 'age_max': 17, 'genders': [0], 'flexible_spec': [{'behaviors': [{'id': 6027149004983}]}], 'publisher_platforms': ['facebook']}","b'{""data"":[{""daily_outcomes_curve"":[{""spend"":0,""reach"":0,""impressions"":0,""actions"":0}],""estimate_dau"":0,""estimate_mau"":1000,""estimate_ready"":true}]}'",0,1000,1601829871,"[""facebook""]",FALSE
25,Expats Distribution in Serbia,,"{'min': 13, 'max': 17}",0,"{'or': [6027149004983], 'name': 'Expats (Serbia)'}",,,,,"{'name': 'countries', 'values': ['EC']}",,"(('ages_ranges', {'min': 13, 'max': 17}), ('genders', 0), ('behavior', {'or': [6027149004983], 'name': 'Expats (Serbia)'}), ('geo_locations', {'name': 'countries', 'values': ['EC']}))","{'geo_locations': {'countries': ['EC'], 'location_types': ['home']}, 'age_min': 13, 'age_max': 17, 'genders': [0], 'flexible_spec': [{'behaviors': [{'id': 6027149004983}]}], 'publisher_platforms': ['facebook']}","b'{""data"":[{""daily_outcomes_curve"":[{""spend"":0,""reach"":0,""impressions"":0,""actions"":0}],""estimate_dau"":989,""estimate_mau"":1000,""estimate_ready"":true}]}'",1020,1000,1601829871,"[""facebook""]",FALSE
26,Expats Distribution in Serbia,,"{'min': 13, 'max': 17}",0,"{'or': [6027149004983], 'name': 'Expats (Serbia)'}",,,,,"{'name': 'countries', 'values': ['EE']}",,"(('ages_ranges', {'min': 13, 'max': 17}), ('genders', 0), ('behavior', {'or': [6027149004983], 'name': 'Expats (Serbia)'}), ('geo_locations', {'name': 'countries', 'values': ['EE']}))","{'geo_locations': {'countries': ['EE'], 'location_types': ['home']}, 'age_min': 13, 'age_max': 17, 'genders': [0], 'flexible_spec': [{'behaviors': [{'id': 6027149004983}]}], 'publisher_platforms': ['facebook']}","b'{""data"":[{""daily_outcomes_curve"":[{""spend"":0,""reach"":0,""impressions"":0,""actions"":0}],""estimate_dau"":0,""estimate_mau"":1000,""estimate_ready"":true}]}'",0,1000,1601829871,"[""facebook""]",FALSE
27,Expats Distribution in Serbia,,"{'min': 13, 'max': 17}",0,"{'or': [6027149004983], 'name': 'Expats (Serbia)'}",,,,,"{'name': 'countries', 'values': ['EG']}",,"(('ages_ranges', {'min': 13, 'max': 17}), ('genders', 0), ('behavior', {'or': [6027149004983], 'name': 'Expats (Serbia)'}), ('geo_locations', {'name': 'countries', 'values': ['EG']}))","{'geo_locations': {'countries': ['EG'], 'location_types': ['home']}, 'age_min': 13, 'age_max': 17, 'genders': [0], 'flexible_spec': [{'behaviors': [{'id': 6027149004983}]}], 'publisher_platforms': ['facebook']}","b'{""data"":[{""daily_outcomes_curve"":[{""spend"":0,""reach"":0,""impressions"":0,""actions"":0}],""estimate_dau"":0,""estimate_mau"":1000,""estimate_ready"":true}]}'",0,1000,1601829871,"[""facebook""]",FALSE
28,Expats Distribution in Serbia,,"{'min': 13, 'max': 17}",0,"{'or': [6027149004983], 'name': 'Expats (Serbia)'}",,,,,"{'name': 'countries', 'values': ['ES']}",,"(('ages_ranges', {'min': 13, 'max': 17}), ('genders', 0), ('behavior', {'or': [6027149004983], 'name': 'Expats (Serbia)'}), ('geo_locations', {'name': 'countries', 'values': ['ES']}))","{'geo_locations': {'countries': ['ES'], 'location_types': ['home']}, 'age_min': 13, 'age_max': 17, 'genders': [0], 'flexible_spec': [{'behaviors': [{'id': 6027149004983}]}], 'publisher_platforms': ['facebook']}","b'{""data"":[{""daily_outcomes_curve"":[{""spend"":0,""reach"":0,""impressions"":0,""actions"":0}],""estimate_dau"":0,""estimate_mau"":1000,""estimate_ready"":true}]}'",0,1000,1601829871,"[""facebook""]",FALSE
29,Expats Distribution in Serbia,,"{'min': 13, 'max': 17}",0,"{'or': [6027149004983], 'name': 'Expats (Serbia)'}",,,,,"{'name': 'countries', 'values': ['ET']}",,"(('ages_ranges', {'min': 13, 'max': 17}), ('genders', 0), ('behavior', {'or': [6027149004983], 'name': 'Expats (Serbia)'}), ('geo_locations', {'name': 'countries', 'values': ['ET']}))","{'geo_locations': {'countries': ['ET'], 'location_types': ['home']}, 'age_min': 13, 'age_max': 17, 'genders': [0], 'flexible_spec': [{'behaviors': [{'id': 6027149004983}]}], 'publisher_platforms': ['facebook']}","b'{""data"":[{""daily_outcomes_curve"":[{""spend"":0,""reach"":0,""impressions"":0,""actions"":0}],""estimate_dau"":0,""estimate_mau"":1000,""estimate_ready"":true}]}'",0,1000,1601829871,"[""facebook""]",FALSE
30,Expats Distribution in Serbia,,"{'min': 13, 'max': 17}",0,"{'or': [6027149004983], 'name': 'Expats (Serbia)'}",,,,,"{'name': 'countries', 'values': ['FI']}",,"(('ages_ranges', {'min': 13, 'max': 17}), ('genders', 0), ('behavior', {'or': [6027149004983], 'name': 'Expats (Serbia)'}), ('geo_locations', {'name': 'countries', 'values': ['FI']}))","{'geo_locations': {'countries': ['FI'], 'location_types': ['home']}, 'age_min': 13, 'age_max': 17, 'genders': [0], 'flexible_spec': [{'behaviors': [{'id': 6027149004983}]}], 'publisher_platforms': ['facebook']}","b'{""data"":[{""daily_outcomes_curve"":[{""spend"":0,""reach"":0,""impressions"":0,""actions"":0}],""estimate_dau"":0,""estimate_mau"":1000,""estimate_ready"":true}]}'",0,1000,1601829871,"[""facebook""]",FALSE
31,Expats Distribution in Serbia,,"{'min': 13, 'max': 17}",0,"{'or': [6027149004983], 'name': 'Expats (Serbia)'}",,,,,"{'name': 'countries', 'values': ['FJ']}",,"(('ages_ranges', {'min': 13, 'max': 17}), ('genders', 0), ('behavior', {'or': [6027149004983], 'name': 'Expats (Serbia)'}), ('geo_locations', {'name': 'countries', 'values': ['FJ']}))","{'geo_locations': {'countries': ['FJ'], 'location_types': ['home']}, 'age_min': 13, 'age_max': 17, 'genders': [0], 'flexible_spec': [{'behaviors': [{'id': 6027149004983}]}], 'publisher_platforms': ['facebook']}","b'{""data"":[{""daily_outcomes_curve"":[{""spend"":0,""reach"":0,""impressions"":0,""actions"":0}],""estimate_dau"":0,""estimate_mau"":1000,""estimate_ready"":true}]}'",0,1000,1601829871,"[""facebook""]",FALSE
32,Expats Distribution in Serbia,,"{'min': 13, 'max': 17}",0,"{'or': [6027149004983], 'name': 'Expats (Serbia)'}",,,,,"{'name': 'countries', 'values': ['FR']}",,"(('ages_ranges', {'min': 13, 'max': 17}), ('genders', 0), ('behavior', {'or': [6027149004983], 'name': 'Expats (Serbia)'}), ('geo_locations', {'name': 'countries', 'values': ['FR']}))","{'geo_locations': {'countries': ['FR'], 'location_types': ['home']}, 'age_min': 13, 'age_max': 17, 'genders': [0], 'flexible_spec': [{'behaviors': [{'id': 6027149004983}]}], 'publisher_platforms': ['facebook']}","b'{""data"":[{""daily_outcomes_curve"":[{""spend"":0,""reach"":0,""impressions"":0,""actions"":0}],""estimate_dau"":0,""estimate_mau"":1000,""estimate_ready"":true}]}'",0,1000,1601829871,"[""facebook""]",FALSE
33,Expats Distribution in Serbia,,"{'min': 13, 'max': 17}",0,"{'or': [6027149004983], 'name': 'Expats (Serbia)'}",,,,,"{'name': 'countries', 'values': ['GB']}",,"(('ages_ranges', {'min': 13, 'max': 17}), ('genders', 0), ('behavior', {'or': [6027149004983], 'name': 'Expats (Serbia)'}), ('geo_locations', {'name': 'countries', 'values': ['GB']}))","{'geo_locations': {'countries': ['GB'], 'location_types': ['home']}, 'age_min': 13, 'age_max': 17, 'genders': [0], 'flexible_spec': [{'behaviors': [{'id': 6027149004983}]}], 'publisher_platforms': ['facebook']}","b'{""data"":[{""daily_outcomes_curve"":[{""spend"":0,""reach"":0,""impressions"":0,""actions"":0}],""estimate_dau"":0,""estimate_mau"":1000,""estimate_ready"":true}]}'",0,1000,1601829871,"[""facebook""]",FALSE
34,Expats Distribution in Serbia,,"{'min': 13, 'max': 17}",0,"{'or': [6027149004983], 'name': 'Expats (Serbia)'}",,,,,"{'name': 'countries', 'values': ['GE']}",,"(('ages_ranges', {'min': 13, 'max': 17}), ('genders', 0), ('behavior', {'or': [6027149004983], 'name': 'Expats (Serbia)'}), ('geo_locations', {'name': 'countries', 'values': ['GE']}))","{'geo_locations': {'countries': ['GE'], 'location_types': ['home']}, 'age_min': 13, 'age_max': 17, 'genders': [0], 'flexible_spec': [{'behaviors': [{'id': 6027149004983}]}], 'publisher_platforms': ['facebook']}","b'{""data"":[{""daily_outcomes_curve"":[{""spend"":0,""reach"":0,""impressions"":0,""actions"":0}],""estimate_dau"":0,""estimate_mau"":1000,""estimate_ready"":true}]}'",0,1000,1601829871,"[""facebook""]",FALSE
35,Expats Distribution in Serbia,,"{'min': 13, 'max': 17}",0,"{'or': [6027149004983], 'name': 'Expats (Serbia)'}",,,,,"{'name': 'countries', 'values': ['GH']}",,"(('ages_ranges', {'min': 13, 'max': 17}), ('genders', 0), ('behavior', {'or': [6027149004983], 'name': 'Expats (Serbia)'}), ('geo_locations', {'name': 'countries', 'values': ['GH']}))","{'geo_locations': {'countries': ['GH'], 'location_types': ['home']}, 'age_min': 13, 'age_max': 17, 'genders': [0], 'flexible_spec': [{'behaviors': [{'id': 6027149004983}]}], 'publisher_platforms': ['facebook']}","b'{""data"":[{""daily_outcomes_curve"":[{""spend"":0,""reach"":0,""impressions"":0,""actions"":0}],""estimate_dau"":0,""estimate_mau"":1000,""estimate_ready"":true}]}'",0,1000,1601829871,"[""facebook""]",FALSE
36,Expats Distribution in Serbia,,"{'min': 13, 'max': 17}",0,"{'or': [6027149004983], 'name': 'Expats (Serbia)'}",,,,,"{'name': 'countries', 'values': ['GR']}",,"(('ages_ranges', {'min': 13, 'max': 17}), ('genders', 0), ('behavior', {'or': [6027149004983], 'name': 'Expats (Serbia)'}), ('geo_locations', {'name': 'countries', 'values': ['GR']}))","{'geo_locations': {'countries': ['GR'], 'location_types': ['home']}, 'age_min': 13, 'age_max': 17, 'genders': [0], 'flexible_spec': [{'behaviors': [{'id': 6027149004983}]}], 'publisher_platforms': ['facebook']}","b'{""data"":[{""daily_outcomes_curve"":[{""spend"":0,""reach"":0,""impressions"":0,""actions"":0}],""estimate_dau"":0,""estimate_mau"":1000,""estimate_ready"":true}]}'",0,1000,1601829871,"[""facebook""]",FALSE
37,Expats Distribution in Serbia,,"{'min': 13, 'max': 17}",0,"{'or': [6027149004983], 'name': 'Expats (Serbia)'}",,,,,"{'name': 'countries', 'values': ['HR']}",,"(('ages_ranges', {'min': 13, 'max': 17}), ('genders', 0), ('behavior', {'or': [6027149004983], 'name': 'Expats (Serbia)'}), ('geo_locations', {'name': 'countries', 'values': ['HR']}))","{'geo_locations': {'countries': ['HR'], 'location_types': ['home']}, 'age_min': 13, 'age_max': 17, 'genders': [0], 'flexible_spec': [{'behaviors': [{'id': 6027149004983}]}], 'publisher_platforms': ['facebook']}","b'{""data"":[{""daily_outcomes_curve"":[{""spend"":0,""reach"":0,""impressions"":0,""actions"":0}],""estimate_dau"":0,""estimate_mau"":1000,""estimate_ready"":true}]}'",0,1000,1601829871,"[""facebook""]",FALSE
38,Expats Distribution in Serbia,,"{'min': 13, 'max': 17}",0,"{'or': [6027149004983], 'name': 'Expats (Serbia)'}",,,,,"{'name': 'countries', 'values': ['HU']}",,"(('ages_ranges', {'min': 13, 'max': 17}), ('genders', 0), ('behavior', {'or': [6027149004983], 'name': 'Expats (Serbia)'}), ('geo_locations', {'name': 'countries', 'values': ['HU']}))","{'geo_locations': {'countries': ['HU'], 'location_types': ['home']}, 'age_min': 13, 'age_max': 17, 'genders': [0], 'flexible_spec': [{'behaviors': [{'id': 6027149004983}]}], 'publisher_platforms': ['facebook']}","b'{""data"":[{""daily_outcomes_curve"":[{""spend"":0,""reach"":0,""impressions"":0,""actions"":0}],""estimate_dau"":989,""estimate_mau"":1000,""estimate_ready"":true}]}'",1007,1000,1601829871,"[""facebook""]",FALSE
39,Expats Distribution in Serbia,,"{'min': 13, 'max': 17}",0,"{'or': [6027149004983], 'name': 'Expats (Serbia)'}",,,,,"{'name': 'countries', 'values': ['ID']}",,"(('ages_ranges', {'min': 13, 'max': 17}), ('genders', 0), ('behavior', {'or': [6027149004983], 'name': 'Expats (Serbia)'}), ('geo_locations', {'name': 'countries', 'values': ['ID']}))","{'geo_locations': {'countries': ['ID'], 'location_types': ['home']}, 'age_min': 13, 'age_max': 17, 'genders': [0], 'flexible_spec': [{'behaviors': [{'id': 6027149004983}]}], 'publisher_platforms': ['facebook']}","b'{""data"":[{""daily_outcomes_curve"":[{""spend"":0,""reach"":0,""impressions"":0,""actions"":0}],""estimate_dau"":1005,""estimate_mau"":1900,""estimate_ready"":true}]}'",1081,1900,1601829871,"[""facebook""]",FALSE
40,Expats Distribution in Serbia,,"{'min': 13, 'max': 17}",0,"{'or': [6027149004983], 'name': 'Expats (Serbia)'}",,,,,"{'name': 'countries', 'values': ['IE']}",,"(('ages_ranges', {'min': 13, 'max': 17}), ('genders', 0), ('behavior', {'or': [6027149004983], 'name': 'Expats (Serbia)'}), ('geo_locations', {'name': 'countries', 'values': ['IE']}))","{'geo_locations': {'countries': ['IE'], 'location_types': ['home']}, 'age_min': 13, 'age_max': 17, 'genders': [0], 'flexible_spec': [{'behaviors': [{'id': 6027149004983}]}], 'publisher_platforms': ['facebook']}","b'{""data"":[{""daily_outcomes_curve"":[{""spend"":0,""reach"":0,""impressions"":0,""actions"":0}],""estimate_dau"":0,""estimate_mau"":1000,""estimate_ready"":true}]}'",0,1000,1601829871,"[""facebook""]",FALSE
41,Expats Distribution in Serbia,,"{'min': 13, 'max': 17}",0,"{'or': [6027149004983], 'name': 'Expats (Serbia)'}",,,,,"{'name': 'countries', 'values': ['IL']}",,"(('ages_ranges', {'min': 13, 'max': 17}), ('genders', 0), ('behavior', {'or': [6027149004983], 'name': 'Expats (Serbia)'}), ('geo_locations', {'name': 'countries', 'values': ['IL']}))","{'geo_locations': {'countries': ['IL'], 'location_types': ['home']}, 'age_min': 13, 'age_max': 17, 'genders': [0], 'flexible_spec': [{'behaviors': [{'id': 6027149004983}]}], 'publisher_platforms': ['facebook']}","b'{""data"":[{""daily_outcomes_curve"":[{""spend"":0,""reach"":0,""impressions"":0,""actions"":0}],""estimate_dau"":0,""estimate_mau"":1000,""estimate_ready"":true}]}'",0,1000,1601829871,"[""facebook""]",FALSE
42,Expats Distribution in Serbia,,"{'min': 13, 'max': 17}",0,"{'or': [6027149004983], 'name': 'Expats (Serbia)'}",,,,,"{'name': 'countries', 'values': ['IN']}",,"(('ages_ranges', {'min': 13, 'max': 17}), ('genders', 0), ('behavior', {'or': [6027149004983], 'name': 'Expats (Serbia)'}), ('geo_locations', {'name': 'countries', 'values': ['IN']}))","{'geo_locations': {'countries': ['IN'], 'location_types': ['home']}, 'age_min': 13, 'age_max': 17, 'genders': [0], 'flexible_spec': [{'behaviors': [{'id': 6027149004983}]}], 'publisher_platforms': ['facebook']}","b'{""data"":[{""daily_outcomes_curve"":[{""spend"":0,""reach"":0,""impressions"":0,""actions"":0}],""estimate_dau"":427,""estimate_mau"":1000,""estimate_ready"":true}]}'",42,1000,1601829871,"[""facebook""]",FALSE
43,Expats Distribution in Serbia,,"{'min': 13, 'max': 17}",0,"{'or': [6027149004983], 'name': 'Expats (Serbia)'}",,,,,"{'name': 'countries', 'values': ['IQ']}",,"(('ages_ranges', {'min': 13, 'max': 17}), ('genders', 0), ('behavior', {'or': [6027149004983], 'name': 'Expats (Serbia)'}), ('geo_locations', {'name': 'countries', 'values': ['IQ']}))","{'geo_locations': {'countries': ['IQ'], 'location_types': ['home']}, 'age_min': 13, 'age_max': 17, 'genders': [0], 'flexible_spec': [{'behaviors': [{'id': 6027149004983}]}], 'publisher_platforms': ['facebook']}","b'{""data"":[{""daily_outcomes_curve"":[{""spend"":0,""reach"":0,""impressions"":0,""actions"":0}],""estimate_dau"":989,""estimate_mau"":1000,""estimate_ready"":true}]}'",1067,1000,1601829871,"[""facebook""]",FALSE
44,Expats Distribution in Serbia,,"{'min': 13, 'max': 17}",0,"{'or': [6027149004983], 'name': 'Expats (Serbia)'}",,,,,"{'name': 'countries', 'values': ['IS']}",,"(('ages_ranges', {'min': 13, 'max': 17}), ('genders', 0), ('behavior', {'or': [6027149004983], 'name': 'Expats (Serbia)'}), ('geo_locations', {'name': 'countries', 'values': ['IS']}))","{'geo_locations': {'countries': ['IS'], 'location_types': ['home']}, 'age_min': 13, 'age_max': 17, 'genders': [0], 'flexible_spec': [{'behaviors': [{'id': 6027149004983}]}], 'publisher_platforms': ['facebook']}","b'{""data"":[{""daily_outcomes_curve"":[{""spend"":0,""reach"":0,""impressions"":0,""actions"":0}],""estimate_dau"":0,""estimate_mau"":1000,""estimate_ready"":true}]}'",0,1000,1601829871,"[""facebook""]",FALSE
45,Expats Distribution in Serbia,,"{'min': 13, 'max': 17}",0,"{'or': [6027149004983], 'name': 'Expats (Serbia)'}",,,,,"{'name': 'countries', 'values': ['IT']}",,"(('ages_ranges', {'min': 13, 'max': 17}), ('genders', 0), ('behavior', {'or': [6027149004983], 'name': 'Expats (Serbia)'}), ('geo_locations', {'name': 'countries', 'values': ['IT']}))","{'geo_locations': {'countries': ['IT'], 'location_types': ['home']}, 'age_min': 13, 'age_max': 17, 'genders': [0], 'flexible_spec': [{'behaviors': [{'id': 6027149004983}]}], 'publisher_platforms': ['facebook']}","b'{""data"":[{""daily_outcomes_curve"":[{""spend"":0,""reach"":0,""impressions"":0,""actions"":0}],""estimate_dau"":0,""estimate_mau"":1000,""estimate_ready"":true}]}'",0,1000,1601829871,"[""facebook""]",FALSE
46,Expats Distribution in Serbia,,"{'min': 13, 'max': 17}",0,"{'or': [6027149004983], 'name': 'Expats (Serbia)'}",,,,,"{'name': 'countries', 'values': ['JO']}",,"(('ages_ranges', {'min': 13, 'max': 17}), ('genders', 0), ('behavior', {'or': [6027149004983], 'name': 'Expats (Serbia)'}), ('geo_locations', {'name': 'countries', 'values': ['JO']}))","{'geo_locations': {'countries': ['JO'], 'location_types': ['home']}, 'age_min': 13, 'age_max': 17, 'genders': [0], 'flexible_spec': [{'behaviors': [{'id': 6027149004983}]}], 'publisher_platforms': ['facebook']}","b'{""data"":[{""daily_outcomes_curve"":[{""spend"":0,""reach"":0,""impressions"":0,""actions"":0}],""estimate_dau"":0,""estimate_mau"":1000,""estimate_ready"":true}]}'",0,1000,1601829871,"[""facebook""]",FALSE
47,Expats Distribution in Serbia,,"{'min': 13, 'max': 17}",0,"{'or': [6027149004983], 'name': 'Expats (Serbia)'}",,,,,"{'name': 'countries', 'values': ['JP']}",,"(('ages_ranges', {'min': 13, 'max': 17}), ('genders', 0), ('behavior', {'or': [6027149004983], 'name': 'Expats (Serbia)'}), ('geo_locations', {'name': 'countries', 'values': ['JP']}))","{'geo_locations': {'countries': ['JP'], 'location_types': ['home']}, 'age_min': 13, 'age_max': 17, 'genders': [0], 'flexible_spec': [{'behaviors': [{'id': 6027149004983}]}], 'publisher_platforms': ['facebook']}","b'{""data"":[{""daily_outcomes_curve"":[{""spend"":0,""reach"":0,""impressions"":0,""actions"":0}],""estimate_dau"":0,""estimate_mau"":1000,""estimate_ready"":true}]}'",0,1000,1601829871,"[""facebook""]",FALSE
48,Expats Distribution in Serbia,,"{'min': 13, 'max': 17}",0,"{'or': [6027149004983], 'name': 'Expats (Serbia)'}",,,,,"{'name': 'countries', 'values': ['KE']}",,"(('ages_ranges', {'min': 13, 'max': 17}), ('genders', 0), ('behavior', {'or': [6027149004983], 'name': 'Expats (Serbia)'}), ('geo_locations', {'name': 'countries', 'values': ['KE']}))","{'geo_locations': {'countries': ['KE'], 'location_types': ['home']}, 'age_min': 13, 'age_max': 17, 'genders': [0], 'flexible_spec': [{'behaviors': [{'id': 6027149004983}]}], 'publisher_platforms': ['facebook']}","b'{""data"":[{""daily_outcomes_curve"":[{""spend"":0,""reach"":0,""impressions"":0,""actions"":0}],""estimate_dau"":0,""estimate_mau"":1000,""estimate_ready"":true}]}'",0,1000,1601829871,"[""facebook""]",FALSE
49,Expats Distribution in Serbia,,"{'min': 13, 'max': 17}",0,"{'or': [6027149004983], 'name': 'Expats (Serbia)'}",,,,,"{'name': 'countries', 'values': ['KR']}",,"(('ages_ranges', {'min': 13, 'max': 17}), ('genders', 0), ('behavior', {'or': [6027149004983], 'name': 'Expats (Serbia)'}), ('geo_locations', {'name': 'countries', 'values': ['KR']}))","{'geo_locations': {'countries': ['KR'], 'location_types': ['home']}, 'age_min': 13, 'age_max': 17, 'genders': [0], 'flexible_spec': [{'behaviors': [{'id': 6027149004983}]}], 'publisher_platforms': ['facebook']}","b'{""data"":[{""daily_outcomes_curve"":[{""spend"":0,""reach"":0,""impressions"":0,""actions"":0}],""estimate_dau"":0,""estimate_mau"":1000,""estimate_ready"":true}]}'",0,1000,1601829871,"[""facebook""]",FALSE
50,Expats Distribution in Serbia,,"{'min': 13, 'max': 17}",0,"{'or': [6027149004983], 'name': 'Expats (Serbia)'}",,,,,"{'name': 'countries', 'values': ['KW']}",,"(('ages_ranges', {'min': 13, 'max': 17}), ('genders', 0), ('behavior', {'or': [6027149004983], 'name': 'Expats (Serbia)'}), ('geo_locations', {'name': 'countries', 'values': ['KW']}))","{'geo_locations': {'countries': ['KW'], 'location_types': ['home']}, 'age_min': 13, 'age_max': 17, 'genders': [0], 'flexible_spec': [{'behaviors': [{'id': 6027149004983}]}], 'publisher_platforms': ['facebook']}","b'{""data"":[{""daily_outcomes_curve"":[{""spend"":0,""reach"":0,""impressions"":0,""actions"":0}],""estimate_dau"":0,""estimate_mau"":1000,""estimate_ready"":true}]}'",0,1000,1601829871,"[""facebook""]",FALSE
51,Expats Distribution in Serbia,,"{'min': 13, 'max': 17}",0,"{'or': [6027149004983], 'name': 'Expats (Serbia)'}",,,,,"{'name': 'countries', 'values': ['KZ']}",,"(('ages_ranges', {'min': 13, 'max': 17}), ('genders', 0), ('behavior', {'or': [6027149004983], 'name': 'Expats (Serbia)'}), ('geo_locations', {'name': 'countries', 'values': ['KZ']}))","{'geo_locations': {'countries': ['KZ'], 'location_types': ['home']}, 'age_min': 13, 'age_max': 17, 'genders': [0], 'flexible_spec': [{'behaviors': [{'id': 6027149004983}]}], 'publisher_platforms': ['facebook']}","b'{""data"":[{""daily_outcomes_curve"":[{""spend"":0,""reach"":0,""impressions"":0,""actions"":0}],""estimate_dau"":0,""estimate_mau"":1000,""estimate_ready"":true}]}'",0,1000,1601829871,"[""facebook""]",FALSE
52,Expats Distribution in Serbia,,"{'min': 13, 'max': 17}",0,"{'or': [6027149004983], 'name': 'Expats (Serbia)'}",,,,,"{'name': 'countries', 'values': ['KY']}",,"(('ages_ranges', {'min': 13, 'max': 17}), ('genders', 0), ('behavior', {'or': [6027149004983], 'name': 'Expats (Serbia)'}), ('geo_locations', {'name': 'countries', 'values': ['KY']}))","{'geo_locations': {'countries': ['KY'], 'location_types': ['home']}, 'age_min': 13, 'age_max': 17, 'genders': [0], 'flexible_spec': [{'behaviors': [{'id': 6027149004983}]}], 'publisher_platforms': ['facebook']}","b'{""data"":[{""daily_outcomes_curve"":[{""spend"":0,""reach"":0,""impressions"":0,""actions"":0}],""estimate_dau"":0,""estimate_mau"":1000,""estimate_ready"":true}]}'",0,1000,1601829871,"[""facebook""]",FALSE
53,Expats Distribution in Serbia,,"{'min': 13, 'max': 17}",0,"{'or': [6027149004983], 'name': 'Expats (Serbia)'}",,,,,"{'name': 'countries', 'values': ['LB']}",,"(('ages_ranges', {'min': 13, 'max': 17}), ('genders', 0), ('behavior', {'or': [6027149004983], 'name': 'Expats (Serbia)'}), ('geo_locations', {'name': 'countries', 'values': ['LB']}))","{'geo_locations': {'countries': ['LB'], 'location_types': ['home']}, 'age_min': 13, 'age_max': 17, 'genders': [0], 'flexible_spec': [{'behaviors': [{'id': 6027149004983}]}], 'publisher_platforms': ['facebook']}","b'{""data"":[{""daily_outcomes_curve"":[{""spend"":0,""reach"":0,""impressions"":0,""actions"":0}],""estimate_dau"":0,""estimate_mau"":1000,""estimate_ready"":true}]}'",0,1000,1601829871,"[""facebook""]",FALSE
54,Expats Distribution in Serbia,,"{'min': 13, 'max': 17}",0,"{'or': [6027149004983], 'name': 'Expats (Serbia)'}",,,,,"{'name': 'countries', 'values': ['LU']}",,"(('ages_ranges', {'min': 13, 'max': 17}), ('genders', 0), ('behavior', {'or': [6027149004983], 'name': 'Expats (Serbia)'}), ('geo_locations', {'name': 'countries', 'values': ['LU']}))","{'geo_locations': {'countries': ['LU'], 'location_types': ['home']}, 'age_min': 13, 'age_max': 17, 'genders': [0], 'flexible_spec': [{'behaviors': [{'id': 6027149004983}]}], 'publisher_platforms': ['facebook']}","b'{""data"":[{""daily_outcomes_curve"":[{""spend"":0,""reach"":0,""impressions"":0,""actions"":0}],""estimate_dau"":0,""estimate_mau"":1000,""estimate_ready"":true}]}'",0,1000,1601829871,"[""facebook""]",FALSE
55,Expats Distribution in Serbia,,"{'min': 13, 'max': 17}",0,"{'or': [6027149004983], 'name': 'Expats (Serbia)'}",,,,,"{'name': 'countries', 'values': ['LY']}",,"(('ages_ranges', {'min': 13, 'max': 17}), ('genders', 0), ('behavior', {'or': [6027149004983], 'name': 'Expats (Serbia)'}), ('geo_locations', {'name': 'countries', 'values': ['LY']}))","{'geo_locations': {'countries': ['LY'], 'location_types': ['home']}, 'age_min': 13, 'age_max': 17, 'genders': [0], 'flexible_spec': [{'behaviors': [{'id': 6027149004983}]}], 'publisher_platforms': ['facebook']}","b'{""data"":[{""daily_outcomes_curve"":[{""spend"":0,""reach"":0,""impressions"":0,""actions"":0}],""estimate_dau"":0,""estimate_mau"":1000,""estimate_ready"":true}]}'",0,1000,1601829871,"[""facebook""]",FALSE
56,Expats Distribution in Serbia,,"{'min': 13, 'max': 17}",0,"{'or': [6027149004983], 'name': 'Expats (Serbia)'}",,,,,"{'name': 'countries', 'values': ['MA']}",,"(('ages_ranges', {'min': 13, 'max': 17}), ('genders', 0), ('behavior', {'or': [6027149004983], 'name': 'Expats (Serbia)'}), ('geo_locations', {'name': 'countries', 'values': ['MA']}))","{'geo_locations': {'countries': ['MA'], 'location_types': ['home']}, 'age_min': 13, 'age_max': 17, 'genders': [0], 'flexible_spec': [{'behaviors': [{'id': 6027149004983}]}], 'publisher_platforms': ['facebook']}","b'{""data"":[{""daily_outcomes_curve"":[{""spend"":0,""reach"":0,""impressions"":0,""actions"":0}],""estimate_dau"":0,""estimate_mau"":1000,""estimate_ready"":true}]}'",0,1000,1601829871,"[""facebook""]",FALSE
57,Expats Distribution in Serbia,,"{'min': 13, 'max': 17}",0,"{'or': [6027149004983], 'name': 'Expats (Serbia)'}",,,,,"{'name': 'countries', 'values': ['MD']}",,"(('ages_ranges', {'min': 13, 'max': 17}), ('genders', 0), ('behavior', {'or': [6027149004983], 'name': 'Expats (Serbia)'}), ('geo_locations', {'name': 'countries', 'values': ['MD']}))","{'geo_locations': {'countries': ['MD'], 'location_types': ['home']}, 'age_min': 13, 'age_max': 17, 'genders': [0], 'flexible_spec': [{'behaviors': [{'id': 6027149004983}]}], 'publisher_platforms': ['facebook']}","b'{""data"":[{""daily_outcomes_curve"":[{""spend"":0,""reach"":0,""impressions"":0,""actions"":0}],""estimate_dau"":0,""estimate_mau"":1000,""estimate_ready"":true}]}'",0,1000,1601829871,"[""facebook""]",FALSE
58,Expats Distribution in Serbia,,"{'min': 13, 'max': 17}",0,"{'or': [6027149004983], 'name': 'Expats (Serbia)'}",,,,,"{'name': 'countries', 'values': ['ME']}",,"(('ages_ranges', {'min': 13, 'max': 17}), ('genders', 0), ('behavior', {'or': [6027149004983], 'name': 'Expats (Serbia)'}), ('geo_locations', {'name': 'countries', 'values': ['ME']}))","{'geo_locations': {'countries': ['ME'], 'location_types': ['home']}, 'age_min': 13, 'age_max': 17, 'genders': [0], 'flexible_spec': [{'behaviors': [{'id': 6027149004983}]}], 'publisher_platforms': ['facebook']}","b'{""data"":[{""daily_outcomes_curve"":[{""spend"":0,""reach"":0,""impressions"":0,""actions"":0}],""estimate_dau"":497,""estimate_mau"":1000,""estimate_ready"":true}]}'",420,1000,1601829871,"[""facebook""]",FALSE
59,Expats Distribution in Serbia,,"{'min': 13, 'max': 17}",0,"{'or': [6027149004983], 'name': 'Expats (Serbia)'}",,,,,"{'name': 'countries', 'values': ['MG']}",,"(('ages_ranges', {'min': 13, 'max': 17}), ('genders', 0), ('behavior', {'or': [6027149004983], 'name': 'Expats (Serbia)'}), ('geo_locations', {'name': 'countries', 'values': ['MG']}))","{'geo_locations': {'countries': ['MG'], 'location_types': ['home']}, 'age_min': 13, 'age_max': 17, 'genders': [0], 'flexible_spec': [{'behaviors': [{'id': 6027149004983}]}], 'publisher_platforms': ['facebook']}","b'{""data"":[{""daily_outcomes_curve"":[{""spend"":0,""reach"":0,""impressions"":0,""actions"":0}],""estimate_dau"":0,""estimate_mau"":1000,""estimate_ready"":true}]}'",0,1000,1601829871,"[""facebook""]",FALSE
60,Expats Distribution in Serbia,,"{'min': 13, 'max': 17}",0,"{'or': [6027149004983], 'name': 'Expats (Serbia)'}",,,,,"{'name': 'countries', 'values': ['ML']}",,"(('ages_ranges', {'min': 13, 'max': 17}), ('genders', 0), ('behavior', {'or': [6027149004983], 'name': 'Expats (Serbia)'}), ('geo_locations', {'name': 'countries', 'values': ['ML']}))","{'geo_locations': {'countries': ['ML'], 'location_types': ['home']}, 'age_min': 13, 'age_max': 17, 'genders': [0], 'flexible_spec': [{'behaviors': [{'id': 6027149004983}]}], 'publisher_platforms': ['facebook']}","b'{""data"":[{""daily_outcomes_curve"":[{""spend"":0,""reach"":0,""impressions"":0,""actions"":0}],""estimate_dau"":0,""estimate_mau"":1000,""estimate_ready"":true}]}'",0,1000,1601829871,"[""facebook""]",FALSE
61,Expats Distribution in Serbia,,"{'min': 13, 'max': 17}",0,"{'or': [6027149004983], 'name': 'Expats (Serbia)'}",,,,,"{'name': 'countries', 'values': ['MN']}",,"(('ages_ranges', {'min': 13, 'max': 17}), ('genders', 0), ('behavior', {'or': [6027149004983], 'name': 'Expats (Serbia)'}), ('geo_locations', {'name': 'countries', 'values': ['MN']}))","{'geo_locations': {'countries': ['MN'], 'location_types': ['home']}, 'age_min': 13, 'age_max': 17, 'genders': [0], 'flexible_spec': [{'behaviors': [{'id': 6027149004983}]}], 'publisher_platforms': ['facebook']}","b'{""data"":[{""daily_outcomes_curve"":[{""spend"":0,""reach"":0,""impressions"":0,""actions"":0}],""estimate_dau"":989,""estimate_mau"":1000,""estimate_ready"":true}]}'",902,1000,1601829871,"[""facebook""]",FALSE
62,Expats Distribution in Serbia,,"{'min': 13, 'max': 17}",0,"{'or': [6027149004983], 'name': 'Expats (Serbia)'}",,,,,"{'name': 'countries', 'values': ['MK']}",,"(('ages_ranges', {'min': 13, 'max': 17}), ('genders', 0), ('behavior', {'or': [6027149004983], 'name': 'Expats (Serbia)'}), ('geo_locations', {'name': 'countries', 'values': ['MK']}))","{'geo_locations': {'countries': ['MK'], 'location_types': ['home']}, 'age_min': 13, 'age_max': 17, 'genders': [0], 'flexible_spec': [{'behaviors': [{'id': 6027149004983}]}], 'publisher_platforms': ['facebook']}","b'{""data"":[{""daily_outcomes_curve"":[{""spend"":0,""reach"":0,""impressions"":0,""actions"":0}],""estimate_dau"":664,""estimate_mau"":1000,""estimate_ready"":true}]}'",704,1000,1601829871,"[""facebook""]",FALSE
63,Expats Distribution in Serbia,,"{'min': 13, 'max': 17}",0,"{'or': [6027149004983], 'name': 'Expats (Serbia)'}",,,,,"{'name': 'countries', 'values': ['MT']}",,"(('ages_ranges', {'min': 13, 'max': 17}), ('genders', 0), ('behavior', {'or': [6027149004983], 'name': 'Expats (Serbia)'}), ('geo_locations', {'name': 'countries', 'values': ['MT']}))","{'geo_locations': {'countries': ['MT'], 'location_types': ['home']}, 'age_min': 13, 'age_max': 17, 'genders': [0], 'flexible_spec': [{'behaviors': [{'id': 6027149004983}]}], 'publisher_platforms': ['facebook']}","b'{""data"":[{""daily_outcomes_curve"":[{""spend"":0,""reach"":0,""impressions"":0,""actions"":0}],""estimate_dau"":0,""estimate_mau"":1000,""estimate_ready"":true}]}'",0,1000,1601829871,"[""facebook""]",FALSE
64,Expats Distribution in Serbia,,"{'min': 13, 'max': 17}",0,"{'or': [6027149004983], 'name': 'Expats (Serbia)'}",,,,,"{'name': 'countries', 'values': ['MU']}",,"(('ages_ranges', {'min': 13, 'max': 17}), ('genders', 0), ('behavior', {'or': [6027149004983], 'name': 'Expats (Serbia)'}), ('geo_locations', {'name': 'countries', 'values': ['MU']}))","{'geo_locations': {'countries': ['MU'], 'location_types': ['home']}, 'age_min': 13, 'age_max': 17, 'genders': [0], 'flexible_spec': [{'behaviors': [{'id': 6027149004983}]}], 'publisher_platforms': ['facebook']}","b'{""data"":[{""daily_outcomes_curve"":[{""spend"":0,""reach"":0,""impressions"":0,""actions"":0}],""estimate_dau"":0,""estimate_mau"":1000,""estimate_ready"":true}]}'",0,1000,1601829871,"[""facebook""]",FALSE
65,Expats Distribution in Serbia,,"{'min': 13, 'max': 17}",0,"{'or': [6027149004983], 'name': 'Expats (Serbia)'}",,,,,"{'name': 'countries', 'values': ['MX']}",,"(('ages_ranges', {'min': 13, 'max': 17}), ('genders', 0), ('behavior', {'or': [6027149004983], 'name': 'Expats (Serbia)'}), ('geo_locations', {'name': 'countries', 'values': ['MX']}))","{'geo_locations': {'countries': ['MX'], 'location_types': ['home']}, 'age_min': 13, 'age_max': 17, 'genders': [0], 'flexible_spec': [{'behaviors': [{'id': 6027149004983}]}], 'publisher_platforms': ['facebook']}","b'{""data"":[{""daily_outcomes_curve"":[{""spend"":0,""reach"":0,""impressions"":0,""actions"":0}],""estimate_dau"":0,""estimate_mau"":1000,""estimate_ready"":true}]}'",0,1000,1601829871,"[""facebook""]",FALSE
66,Expats Distribution in Serbia,,"{'min': 13, 'max': 17}",0,"{'or': [6027149004983], 'name': 'Expats (Serbia)'}",,,,,"{'name': 'countries', 'values': ['MY']}",,"(('ages_ranges', {'min': 13, 'max': 17}), ('genders', 0), ('behavior', {'or': [6027149004983], 'name': 'Expats (Serbia)'}), ('geo_locations', {'name': 'countries', 'values': ['MY']}))","{'geo_locations': {'countries': ['MY'], 'location_types': ['home']}, 'age_min': 13, 'age_max': 17, 'genders': [0], 'flexible_spec': [{'behaviors': [{'id': 6027149004983}]}], 'publisher_platforms': ['facebook']}","b'{""data"":[{""daily_outcomes_curve"":[{""spend"":0,""reach"":0,""impressions"":0,""actions"":0}],""estimate_dau"":994,""estimate_mau"":1000,""estimate_ready"":true}]}'",1064,1000,1601829871,"[""facebook""]",FALSE
67,Expats Distribution in Serbia,,"{'min': 13, 'max': 17}",0,"{'or': [6027149004983], 'name': 'Expats (Serbia)'}",,,,,"{'name': 'countries', 'values': ['NG']}",,"(('ages_ranges', {'min': 13, 'max': 17}), ('genders', 0), ('behavior', {'or': [6027149004983], 'name': 'Expats (Serbia)'}), ('geo_locations', {'name': 'countries', 'values': ['NG']}))","{'geo_locations': {'countries': ['NG'], 'location_types': ['home']}, 'age_min': 13, 'age_max': 17, 'genders': [0], 'flexible_spec': [{'behaviors': [{'id': 6027149004983}]}], 'publisher_platforms': ['facebook']}","b'{""data"":[{""daily_outcomes_curve"":[{""spend"":0,""reach"":0,""impressions"":0,""actions"":0}],""estimate_dau"":0,""estimate_mau"":1000,""estimate_ready"":true}]}'",0,1000,1601829871,"[""facebook""]",FALSE
68,Expats Distribution in Serbia,,"{'min': 13, 'max': 17}",0,"{'or': [6027149004983], 'name': 'Expats (Serbia)'}",,,,,"{'name': 'countries', 'values': ['NL']}",,"(('ages_ranges', {'min': 13, 'max': 17}), ('genders', 0), ('behavior', {'or': [6027149004983], 'name': 'Expats (Serbia)'}), ('geo_locations', {'name': 'countries', 'values': ['NL']}))","{'geo_locations': {'countries': ['NL'], 'location_types': ['home']}, 'age_min': 13, 'age_max': 17, 'genders': [0], 'flexible_spec': [{'behaviors': [{'id': 6027149004983}]}], 'publisher_platforms': ['facebook']}","b'{""data"":[{""daily_outcomes_curve"":[{""spend"":0,""reach"":0,""impressions"":0,""actions"":0}],""estimate_dau"":0,""estimate_mau"":1000,""estimate_ready"":true}]}'",0,1000,1601829871,"[""facebook""]",FALSE
69,Expats Distribution in Serbia,,"{'min': 13, 'max': 17}",0,"{'or': [6027149004983], 'name': 'Expats (Serbia)'}",,,,,"{'name': 'countries', 'values': ['NO']}",,"(('ages_ranges', {'min': 13, 'max': 17}), ('genders', 0), ('behavior', {'or': [6027149004983], 'name': 'Expats (Serbia)'}), ('geo_locations', {'name': 'countries', 'values': ['NO']}))","{'geo_locations': {'countries': ['NO'], 'location_types': ['home']}, 'age_min': 13, 'age_max': 17, 'genders': [0], 'flexible_spec': [{'behaviors': [{'id': 6027149004983}]}], 'publisher_platforms': ['facebook']}","b'{""data"":[{""daily_outcomes_curve"":[{""spend"":0,""reach"":0,""impressions"":0,""actions"":0}],""estimate_dau"":0,""estimate_mau"":1000,""estimate_ready"":true}]}'",0,1000,1601829871,"[""facebook""]",FALSE
70,Expats Distribution in Serbia,,"{'min': 13, 'max': 17}",0,"{'or': [6027149004983], 'name': 'Expats (Serbia)'}",,,,,"{'name': 'countries', 'values': ['NZ']}",,"(('ages_ranges', {'min': 13, 'max': 17}), ('genders', 0), ('behavior', {'or': [6027149004983], 'name': 'Expats (Serbia)'}), ('geo_locations', {'name': 'countries', 'values': ['NZ']}))","{'geo_locations': {'countries': ['NZ'], 'location_types': ['home']}, 'age_min': 13, 'age_max': 17, 'genders': [0], 'flexible_spec': [{'behaviors': [{'id': 6027149004983}]}], 'publisher_platforms': ['facebook']}","b'{""data"":[{""daily_outcomes_curve"":[{""spend"":0,""reach"":0,""impressions"":0,""actions"":0}],""estimate_dau"":0,""estimate_mau"":1000,""estimate_ready"":true}]}'",0,1000,1601829871,"[""facebook""]",FALSE
71,Expats Distribution in Serbia,,"{'min': 13, 'max': 17}",0,"{'or': [6027149004983], 'name': 'Expats (Serbia)'}",,,,,"{'name': 'countries', 'values': ['PE']}",,"(('ages_ranges', {'min': 13, 'max': 17}), ('genders', 0), ('behavior', {'or': [6027149004983], 'name': 'Expats (Serbia)'}), ('geo_locations', {'name': 'countries', 'values': ['PE']}))","{'geo_locations': {'countries': ['PE'], 'location_types': ['home']}, 'age_min': 13, 'age_max': 17, 'genders': [0], 'flexible_spec': [{'behaviors': [{'id': 6027149004983}]}], 'publisher_platforms': ['facebook']}","b'{""data"":[{""daily_outcomes_curve"":[{""spend"":0,""reach"":0,""impressions"":0,""actions"":0}],""estimate_dau"":0,""estimate_mau"":1000,""estimate_ready"":true}]}'",0,1000,1601829871,"[""facebook""]",FALSE
72,Expats Distribution in Serbia,,"{'min': 13, 'max': 17}",0,"{'or': [6027149004983], 'name': 'Expats (Serbia)'}",,,,,"{'name': 'countries', 'values': ['PH']}",,"(('ages_ranges', {'min': 13, 'max': 17}), ('genders', 0), ('behavior', {'or': [6027149004983], 'name': 'Expats (Serbia)'}), ('geo_locations', {'name': 'countries', 'values': ['PH']}))","{'geo_locations': {'countries': ['PH'], 'location_types': ['home']}, 'age_min': 13, 'age_max': 17, 'genders': [0], 'flexible_spec': [{'behaviors': [{'id': 6027149004983}]}], 'publisher_platforms': ['facebook']}","b'{""data"":[{""daily_outcomes_curve"":[{""spend"":0,""reach"":0,""impressions"":0,""actions"":0}],""estimate_dau"":0,""estimate_mau"":1000,""estimate_ready"":true}]}'",0,1000,1601829871,"[""facebook""]",FALSE
73,Expats Distribution in Serbia,,"{'min': 13, 'max': 17}",0,"{'or': [6027149004983], 'name': 'Expats (Serbia)'}",,,,,"{'name': 'countries', 'values': ['PK']}",,"(('ages_ranges', {'min': 13, 'max': 17}), ('genders', 0), ('behavior', {'or': [6027149004983], 'name': 'Expats (Serbia)'}), ('geo_locations', {'name': 'countries', 'values': ['PK']}))","{'geo_locations': {'countries': ['PK'], 'location_types': ['home']}, 'age_min': 13, 'age_max': 17, 'genders': [0], 'flexible_spec': [{'behaviors': [{'id': 6027149004983}]}], 'publisher_platforms': ['facebook']}","b'{""data"":[{""daily_outcomes_curve"":[{""spend"":0,""reach"":0,""impressions"":0,""actions"":0}],""estimate_dau"":0,""estimate_mau"":1000,""estimate_ready"":true}]}'",0,1000,1601829871,"[""facebook""]",FALSE
74,Expats Distribution in Serbia,,"{'min': 13, 'max': 17}",0,"{'or': [6027149004983], 'name': 'Expats (Serbia)'}",,,,,"{'name': 'countries', 'values': ['PL']}",,"(('ages_ranges', {'min': 13, 'max': 17}), ('genders', 0), ('behavior', {'or': [6027149004983], 'name': 'Expats (Serbia)'}), ('geo_locations', {'name': 'countries', 'values': ['PL']}))","{'geo_locations': {'countries': ['PL'], 'location_types': ['home']}, 'age_min': 13, 'age_max': 17, 'genders': [0], 'flexible_spec': [{'behaviors': [{'id': 6027149004983}]}], 'publisher_platforms': ['facebook']}","b'{""data"":[{""daily_outcomes_curve"":[{""spend"":0,""reach"":0,""impressions"":0,""actions"":0}],""estimate_dau"":0,""estimate_mau"":1000,""estimate_ready"":true}]}'",0,1000,1601829871,"[""facebook""]",FALSE
75,Expats Distribution in Serbia,,"{'min': 13, 'max': 17}",0,"{'or': [6027149004983], 'name': 'Expats (Serbia)'}",,,,,"{'name': 'countries', 'values': ['PT']}",,"(('ages_ranges', {'min': 13, 'max': 17}), ('genders', 0), ('behavior', {'or': [6027149004983], 'name': 'Expats (Serbia)'}), ('geo_locations', {'name': 'countries', 'values': ['PT']}))","{'geo_locations': {'countries': ['PT'], 'location_types': ['home']}, 'age_min': 13, 'age_max': 17, 'genders': [0], 'flexible_spec': [{'behaviors': [{'id': 6027149004983}]}], 'publisher_platforms': ['facebook']}","b'{""data"":[{""daily_outcomes_curve"":[{""spend"":0,""reach"":0,""impressions"":0,""actions"":0}],""estimate_dau"":0,""estimate_mau"":1000,""estimate_ready"":true}]}'",0,1000,1601829871,"[""facebook""]",FALSE
76,Expats Distribution in Serbia,,"{'min': 13, 'max': 17}",0,"{'or': [6027149004983], 'name': 'Expats (Serbia)'}",,,,,"{'name': 'countries', 'values': ['PY']}",,"(('ages_ranges', {'min': 13, 'max': 17}), ('genders', 0), ('behavior', {'or': [6027149004983], 'name': 'Expats (Serbia)'}), ('geo_locations', {'name': 'countries', 'values': ['PY']}))","{'geo_locations': {'countries': ['PY'], 'location_types': ['home']}, 'age_min': 13, 'age_max': 17, 'genders': [0], 'flexible_spec': [{'behaviors': [{'id': 6027149004983}]}], 'publisher_platforms': ['facebook']}","b'{""data"":[{""daily_outcomes_curve"":[{""spend"":0,""reach"":0,""impressions"":0,""actions"":0}],""estimate_dau"":0,""estimate_mau"":1000,""estimate_ready"":true}]}'",0,1000,1601829871,"[""facebook""]",FALSE
77,Expats Distribution in Serbia,,"{'min': 13, 'max': 17}",0,"{'or': [6027149004983], 'name': 'Expats (Serbia)'}",,,,,"{'name': 'countries', 'values': ['QA']}",,"(('ages_ranges', {'min': 13, 'max': 17}), ('genders', 0), ('behavior', {'or': [6027149004983], 'name': 'Expats (Serbia)'}), ('geo_locations', {'name': 'countries', 'values': ['QA']}))","{'geo_locations': {'countries': ['QA'], 'location_types': ['home']}, 'age_min': 13, 'age_max': 17, 'genders': [0], 'flexible_spec': [{'behaviors': [{'id': 6027149004983}]}], 'publisher_platforms': ['facebook']}","b'{""data"":[{""daily_outcomes_curve"":[{""spend"":0,""reach"":0,""impressions"":0,""actions"":0}],""estimate_dau"":0,""estimate_mau"":1000,""estimate_ready"":true}]}'",0,1000,1601829871,"[""facebook""]",FALSE
78,Expats Distribution in Serbia,,"{'min': 13, 'max': 17}",0,"{'or': [6027149004983], 'name': 'Expats (Serbia)'}",,,,,"{'name': 'countries', 'values': ['RO']}",,"(('ages_ranges', {'min': 13, 'max': 17}), ('genders', 0), ('behavior', {'or': [6027149004983], 'name': 'Expats (Serbia)'}), ('geo_locations', {'name': 'countries', 'values': ['RO']}))","{'geo_locations': {'countries': ['RO'], 'location_types': ['home']}, 'age_min': 13, 'age_max': 17, 'genders': [0], 'flexible_spec': [{'behaviors': [{'id': 6027149004983}]}], 'publisher_platforms': ['facebook']}","b'{""data"":[{""daily_outcomes_curve"":[{""spend"":0,""reach"":0,""impressions"":0,""actions"":0}],""estimate_dau"":989,""estimate_mau"":1000,""estimate_ready"":true}]}'",1102,1000,1601829871,"[""facebook""]",FALSE
79,Expats Distribution in Serbia,,"{'min': 13, 'max': 17}",0,"{'or': [6027149004983], 'name': 'Expats (Serbia)'}",,,,,"{'name': 'countries', 'values': ['RU']}",,"(('ages_ranges', {'min': 13, 'max': 17}), ('genders', 0), ('behavior', {'or': [6027149004983], 'name': 'Expats (Serbia)'}), ('geo_locations', {'name': 'countries', 'values': ['RU']}))","{'geo_locations': {'countries': ['RU'], 'location_types': ['home']}, 'age_min': 13, 'age_max': 17, 'genders': [0], 'flexible_spec': [{'behaviors': [{'id': 6027149004983}]}], 'publisher_platforms': ['facebook']}","b'{""data"":[{""daily_outcomes_curve"":[{""spend"":0,""reach"":0,""impressions"":0,""actions"":0}],""estimate_dau"":0,""estimate_mau"":1000,""estimate_ready"":true}]}'",0,1000,1601829871,"[""facebook""]",FALSE
80,Expats Distribution in Serbia,,"{'min': 13, 'max': 17}",0,"{'or': [6027149004983], 'name': 'Expats (Serbia)'}",,,,,"{'name': 'countries', 'values': ['SA']}",,"(('ages_ranges', {'min': 13, 'max': 17}), ('genders', 0), ('behavior', {'or': [6027149004983], 'name': 'Expats (Serbia)'}), ('geo_locations', {'name': 'countries', 'values': ['SA']}))","{'geo_locations': {'countries': ['SA'], 'location_types': ['home']}, 'age_min': 13, 'age_max': 17, 'genders': [0], 'flexible_spec': [{'behaviors': [{'id': 6027149004983}]}], 'publisher_platforms': ['facebook']}","b'{""data"":[{""daily_outcomes_curve"":[{""spend"":0,""reach"":0,""impressions"":0,""actions"":0}],""estimate_dau"":0,""estimate_mau"":1000,""estimate_ready"":true}]}'",0,1000,1601829871,"[""facebook""]",FALSE
81,Expats Distribution in Serbia,,"{'min': 13, 'max': 17}",0,"{'or': [6027149004983], 'name': 'Expats (Serbia)'}",,,,,"{'name': 'countries', 'values': ['SE']}",,"(('ages_ranges', {'min': 13, 'max': 17}), ('genders', 0), ('behavior', {'or': [6027149004983], 'name': 'Expats (Serbia)'}), ('geo_locations', {'name': 'countries', 'values': ['SE']}))","{'geo_locations': {'countries': ['SE'], 'location_types': ['home']}, 'age_min': 13, 'age_max': 17, 'genders': [0], 'flexible_spec': [{'behaviors': [{'id': 6027149004983}]}], 'publisher_platforms': ['facebook']}","b'{""data"":[{""daily_outcomes_curve"":[{""spend"":0,""reach"":0,""impressions"":0,""actions"":0}],""estimate_dau"":989,""estimate_mau"":1000,""estimate_ready"":true}]}'",930,1000,1601829871,"[""facebook""]",FALSE
82,Expats Distribution in Serbia,,"{'min': 13, 'max': 17}",0,"{'or': [6027149004983], 'name': 'Expats (Serbia)'}",,,,,"{'name': 'countries', 'values': ['SG']}",,"(('ages_ranges', {'min': 13, 'max': 17}), ('genders', 0), ('behavior', {'or': [6027149004983], 'name': 'Expats (Serbia)'}), ('geo_locations', {'name': 'countries', 'values': ['SG']}))","{'geo_locations': {'countries': ['SG'], 'location_types': ['home']}, 'age_min': 13, 'age_max': 17, 'genders': [0], 'flexible_spec': [{'behaviors': [{'id': 6027149004983}]}], 'publisher_platforms': ['facebook']}","b'{""data"":[{""daily_outcomes_curve"":[{""spend"":0,""reach"":0,""impressions"":0,""actions"":0}],""estimate_dau"":0,""estimate_mau"":1000,""estimate_ready"":true}]}'",0,1000,1601829871,"[""facebook""]",FALSE
83,Expats Distribution in Serbia,,"{'min': 13, 'max': 17}",0,"{'or': [6027149004983], 'name': 'Expats (Serbia)'}",,,,,"{'name': 'countries', 'values': ['SI']}",,"(('ages_ranges', {'min': 13, 'max': 17}), ('genders', 0), ('behavior', {'or': [6027149004983], 'name': 'Expats (Serbia)'}), ('geo_locations', {'name': 'countries', 'values': ['SI']}))","{'geo_locations': {'countries': ['SI'], 'location_types': ['home']}, 'age_min': 13, 'age_max': 17, 'genders': [0], 'flexible_spec': [{'behaviors': [{'id': 6027149004983}]}], 'publisher_platforms': ['facebook']}","b'{""data"":[{""daily_outcomes_curve"":[{""spend"":0,""reach"":0,""impressions"":0,""actions"":0}],""estimate_dau"":0,""estimate_mau"":1000,""estimate_ready"":true}]}'",0,1000,1601829871,"[""facebook""]",FALSE
84,Expats Distribution in Serbia,,"{'min': 13, 'max': 17}",0,"{'or': [6027149004983], 'name': 'Expats (Serbia)'}",,,,,"{'name': 'countries', 'values': ['SK']}",,"(('ages_ranges', {'min': 13, 'max': 17}), ('genders', 0), ('behavior', {'or': [6027149004983], 'name': 'Expats (Serbia)'}), ('geo_locations', {'name': 'countries', 'values': ['SK']}))","{'geo_locations': {'countries': ['SK'], 'location_types': ['home']}, 'age_min': 13, 'age_max': 17, 'genders': [0], 'flexible_spec': [{'behaviors': [{'id': 6027149004983}]}], 'publisher_platforms': ['facebook']}","b'{""data"":[{""daily_outcomes_curve"":[{""spend"":0,""reach"":0,""impressions"":0,""actions"":0}],""estimate_dau"":0,""estimate_mau"":1000,""estimate_ready"":true}]}'",0,1000,1601829871,"[""facebook""]",FALSE
85,Expats Distribution in Serbia,,"{'min': 13, 'max': 17}",0,"{'or': [6027149004983], 'name': 'Expats (Serbia)'}",,,,,"{'name': 'countries', 'values': ['TD']}",,"(('ages_ranges', {'min': 13, 'max': 17}), ('genders', 0), ('behavior', {'or': [6027149004983], 'name': 'Expats (Serbia)'}), ('geo_locations', {'name': 'countries', 'values': ['TD']}))","{'geo_locations': {'countries': ['TD'], 'location_types': ['home']}, 'age_min': 13, 'age_max': 17, 'genders': [0], 'flexible_spec': [{'behaviors': [{'id': 6027149004983}]}], 'publisher_platforms': ['facebook']}","b'{""data"":[{""daily_outcomes_curve"":[{""spend"":0,""reach"":0,""impressions"":0,""actions"":0}],""estimate_dau"":0,""estimate_mau"":1000,""estimate_ready"":true}]}'",0,1000,1601829871,"[""facebook""]",FALSE
86,Expats Distribution in Serbia,,"{'min': 13, 'max': 17}",0,"{'or': [6027149004983], 'name': 'Expats (Serbia)'}",,,,,"{'name': 'countries', 'values': ['TH']}",,"(('ages_ranges', {'min': 13, 'max': 17}), ('genders', 0), ('behavior', {'or': [6027149004983], 'name': 'Expats (Serbia)'}), ('geo_locations', {'name': 'countries', 'values': ['TH']}))","{'geo_locations': {'countries': ['TH'], 'location_types': ['home']}, 'age_min': 13, 'age_max': 17, 'genders': [0], 'flexible_spec': [{'behaviors': [{'id': 6027149004983}]}], 'publisher_platforms': ['facebook']}","b'{""data"":[{""daily_outcomes_curve"":[{""spend"":0,""reach"":0,""impressions"":0,""actions"":0}],""estimate_dau"":0,""estimate_mau"":1000,""estimate_ready"":true}]}'",0,1000,1601829871,"[""facebook""]",FALSE
87,Expats Distribution in Serbia,,"{'min': 13, 'max': 17}",0,"{'or': [6027149004983], 'name': 'Expats (Serbia)'}",,,,,"{'name': 'countries', 'values': ['TN']}",,"(('ages_ranges', {'min': 13, 'max': 17}), ('genders', 0), ('behavior', {'or': [6027149004983], 'name': 'Expats (Serbia)'}), ('geo_locations', {'name': 'countries', 'values': ['TN']}))","{'geo_locations': {'countries': ['TN'], 'location_types': ['home']}, 'age_min': 13, 'age_max': 17, 'genders': [0], 'flexible_spec': [{'behaviors': [{'id': 6027149004983}]}], 'publisher_platforms': ['facebook']}","b'{""data"":[{""daily_outcomes_curve"":[{""spend"":0,""reach"":0,""impressions"":0,""actions"":0}],""estimate_dau"":0,""estimate_mau"":1000,""estimate_ready"":true}]}'",0,1000,1601829871,"[""facebook""]",FALSE
88,Expats Distribution in Serbia,,"{'min': 13, 'max': 17}",0,"{'or': [6027149004983], 'name': 'Expats (Serbia)'}",,,,,"{'name': 'countries', 'values': ['TR']}",,"(('ages_ranges', {'min': 13, 'max': 17}), ('genders', 0), ('behavior', {'or': [6027149004983], 'name': 'Expats (Serbia)'}), ('geo_locations', {'name': 'countries', 'values': ['TR']}))","{'geo_locations': {'countries': ['TR'], 'location_types': ['home']}, 'age_min': 13, 'age_max': 17, 'genders': [0], 'flexible_spec': [{'behaviors': [{'id': 6027149004983}]}], 'publisher_platforms': ['facebook']}","b'{""data"":[{""daily_outcomes_curve"":[{""spend"":0,""reach"":0,""impressions"":0,""actions"":0}],""estimate_dau"":0,""estimate_mau"":1000,""estimate_ready"":true}]}'",0,1000,1601829871,"[""facebook""]",FALSE
89,Expats Distribution in Serbia,,"{'min': 13, 'max': 17}",0,"{'or': [6027149004983], 'name': 'Expats (Serbia)'}",,,,,"{'name': 'countries', 'values': ['UA']}",,"(('ages_ranges', {'min': 13, 'max': 17}), ('genders', 0), ('behavior', {'or': [6027149004983], 'name': 'Expats (Serbia)'}), ('geo_locations', {'name': 'countries', 'values': ['UA']}))","{'geo_locations': {'countries': ['UA'], 'location_types': ['home']}, 'age_min': 13, 'age_max': 17, 'genders': [0], 'flexible_spec': [{'behaviors': [{'id': 6027149004983}]}], 'publisher_platforms': ['facebook']}","b'{""data"":[{""daily_outcomes_curve"":[{""spend"":0,""reach"":0,""impressions"":0,""actions"":0}],""estimate_dau"":0,""estimate_mau"":1000,""estimate_ready"":true}]}'",0,1000,1601829871,"[""facebook""]",FALSE
90,Expats Distribution in Serbia,,"{'min': 13, 'max': 17}",0,"{'or': [6027149004983], 'name': 'Expats (Serbia)'}",,,,,"{'name': 'countries', 'values': ['US']}",,"(('ages_ranges', {'min': 13, 'max': 17}), ('genders', 0), ('behavior', {'or': [6027149004983], 'name': 'Expats (Serbia)'}), ('geo_locations', {'name': 'countries', 'values': ['US']}))","{'geo_locations': {'countries': ['US'], 'location_types': ['home']}, 'age_min': 13, 'age_max': 17, 'genders': [0], 'flexible_spec': [{'behaviors': [{'id': 6027149004983}]}], 'publisher_platforms': ['facebook']}","b'{""data"":[{""daily_outcomes_curve"":[{""spend"":0,""reach"":0,""impressions"":0,""actions"":0}],""estimate_dau"":0,""estimate_mau"":1000,""estimate_ready"":true}]}'",0,1000,1601829871,"[""facebook""]",FALSE
91,Expats Distribution in Serbia,,"{'min': 13, 'max': 17}",0,"{'or': [6027149004983], 'name': 'Expats (Serbia)'}",,,,,"{'name': 'countries', 'values': ['XK']}",,"(('ages_ranges', {'min': 13, 'max': 17}), ('genders', 0), ('behavior', {'or': [6027149004983], 'name': 'Expats (Serbia)'}), ('geo_locations', {'name': 'countries', 'values': ['XK']}))","{'geo_locations': {'countries': ['XK'], 'location_types': ['home']}, 'age_min': 13, 'age_max': 17, 'genders': [0], 'flexible_spec': [{'behaviors': [{'id': 6027149004983}]}], 'publisher_platforms': ['facebook']}","b'{""data"":[{""daily_outcomes_curve"":[{""spend"":0,""reach"":0,""impressions"":0,""actions"":0}],""estimate_dau"":0,""estimate_mau"":1000,""estimate_ready"":true}]}'",0,1000,1601829871,"[""facebook""]",FALSE
92,Expats Distribution in Serbia,,"{'min': 13, 'max': 17}",0,"{'or': [6027149004983], 'name': 'Expats (Serbia)'}",,,,,"{'name': 'countries', 'values': ['ZA']}",,"(('ages_ranges', {'min': 13, 'max': 17}), ('genders', 0), ('behavior', {'or': [6027149004983], 'name': 'Expats (Serbia)'}), ('geo_locations', {'name': 'countries', 'values': ['ZA']}))","{'geo_locations': {'countries': ['ZA'], 'location_types': ['home']}, 'age_min': 13, 'age_max': 17, 'genders': [0], 'flexible_spec': [{'behaviors': [{'id': 6027149004983}]}], 'publisher_platforms': ['facebook']}","b'{""data"":[{""daily_outcomes_curve"":[{""spend"":0,""reach"":0,""impressions"":0,""actions"":0}],""estimate_dau"":0,""estimate_mau"":1000,""estimate_ready"":true}]}'",0,1000,1601829871,"[""facebook""]",FALSE
